"0",""
"0","library(devtools)"
"0","library(plyr)"
"0","library(dplyr)"
"0","library(tidyr)"
"0","library(stringr)"
"0","library(stringi)"
"0","library(purrr)"
"0","library(rlang)"
"0","library(tidyverse)"
"0","library(magrittr)"
"0",""
"0","library(sp)"
"0","library(sf)"
"0","library(raster)"
"0","library(data.table)"
"0","library(rgdal)"
"0","library(viridis)"
"0",""
"0","library(lidR)"
"0","library(leafR)"
"0","library(segmented)"
"0","library(lidRplugins)"
"0",""
"0",""
"0","library(ggplot2)"
"0","library(gt)"
"0","library(gridExtra)"
"0","library(patchwork)"
"0",""
"0","library(SSBtools)"
"0","library(tibble)"
"0",""
"0","library(rgl)"
"0","library(rglwidget)"
"0",""
"0","library(LadderFuelsR)"
"0","library(magrittr)"
"0","library(gdata)"
"0",""
